{
    "mse": 0.020676125532614966,
    "rmse": 0.14379195225260336,
    "mae": 0.08548025938098125,
    "r2": 0.8712733050658361,
    "step": 0
}
