{
    "mse": 0.021127546484030323,
    "rmse": 0.1453531784448841,
    "mae": 0.08625216382954021,
    "r2": 0.8689347385886745,
    "step": 0
}
